{"rmse": 1.4640410780943187, "mae": 0.9782943988479124, "r2_score": 0.7249236823340734, "mse": 2.143416278347575, "cv_rmse_mean": 1.330795154463413, "cv_rmse_std": 0.26695036396302263}