{"rmse": 1.2276585167424188, "mae": 0.7383784893698876, "r2_score": 0.84544818190068, "mse": 1.507145433730196}